--DROP TABLE facility;
CREATE TABLE facility ( id int NOT NULL AUTO_INCREMENT, name varchar(50) NOT NULL, station int NOT NULL, visn int, server varchar(45), createdAt datetime, updatedAt datetime, PRIMARY KEY (id) ) ENGINE=InnoDB DEFAULT CHARSET=utf8;
insert into facility (id, name, station, visn, server, createdAt, updatedAt) values (1, 'Biloxi', 520, 16, null, null, null);
insert into facility (id, name, station, visn, server, createdAt, updatedAt) values (2, 'Madison', 607, 12, null, null, null);
insert into facility (id, name, station, visn, server, createdAt, updatedAt) values (3, 'Minneapolis', 618, 23, null, null, null);
insert into facility (id, name, station, visn, server, createdAt, updatedAt) values (4, 'Central Texas (Waco)', 674, 17, null, null, null);
--DROP TABLE facility_message;
CREATE TABLE facility_message ( id int NOT NULL AUTO_INCREMENT, facility_id int NOT NULL, active tinyint(1) DEFAULT '1' NOT NULL, message_order int NOT NULL, message_text varchar(200) NOT NULL, message_headline varchar(50) NOT NULL, createdAt datetime, updatedAt datetime, PRIMARY KEY (id), CONSTRAINT facility_message_fkey FOREIGN KEY (facility_id) REFERENCES facility (id) ON DELETE NO ACTION ON UPDATE NO ACTION, INDEX facility_message_idx_facility_id (facility_id) ) ENGINE=InnoDB DEFAULT CHARSET=utf8;
insert into facility_message (id, facility_id, active, message_order, message_text, message_headline, createdAt, updatedAt) values (1, 1, true, 1, 'This is the message text for the first message from Biloxi. We hope you have a great day!', 'Biloxi Message 1 Headline', null, null);
insert into facility_message (id, facility_id, active, message_order, message_text, message_headline, createdAt, updatedAt) values (2, 2, true, 1, 'This is the message text for the first message from Madison. We hope you have a great day!', 'Madison Message 1 Headline', null, null);
insert into facility_message (id, facility_id, active, message_order, message_text, message_headline, createdAt, updatedAt) values (3, 3, true, 1, 'This is the message text for the first message from Minneapolis. We hope you have a great day!', 'Minneapolis Message 1 Headline', null, null);
insert into facility_message (id, facility_id, active, message_order, message_text, message_headline, createdAt, updatedAt) values (4, 4, true, 1, 'This is the message text for the first message from Central Texas (Waco). We hope you have a great day!', 'Central Texas (Waco) Message 1 Headline', null, null);
insert into facility_message (id, facility_id, active, message_order, message_text, message_headline, createdAt, updatedAt) values (8, 1, true, 2, 'This is the message text for the second message from Biloxi. We hope you have a great day!', 'Biloxi Message 2 Headline', null, null);
insert into facility_message (id, facility_id, active, message_order, message_text, message_headline, createdAt, updatedAt) values (9, 2, true, 2, 'This is the message text for the second message from Madison. We hope you have a great day!', 'Madison Message 2 Headline', null, null);
insert into facility_message (id, facility_id, active, message_order, message_text, message_headline, createdAt, updatedAt) values (10, 3, true, 2, 'This is the message text for the second message from Minneapolis. We hope you have a great day!', 'Minneapolis Message 2 Headline', null, null);
insert into facility_message (id, facility_id, active, message_order, message_text, message_headline, createdAt, updatedAt) values (11, 4, true, 2, 'This is the message text for the second message from Central Texas (Waco). We hope you have a great day!', 'Central Texas (Waco) Message 2 Headline', null, null);
insert into facility_message (id, facility_id, active, message_order, message_text, message_headline, createdAt, updatedAt) values (15, 1, true, 3, 'This is the message text for the third message from Biloxi. We hope you have a great day!', 'Biloxi Message 3 Headline', null, null);
insert into facility_message (id, facility_id, active, message_order, message_text, message_headline, createdAt, updatedAt) values (16, 2, true, 3, 'This is the message text for the third message from Madison. We hope you have a great day!', 'Madison Message 3 Headline', null, null);
insert into facility_message (id, facility_id, active, message_order, message_text, message_headline, createdAt, updatedAt) values (17, 3, true, 3, 'This is the message text for the third message from Minneapolis. We hope you have a great day!', 'Minneapolis Message 3 Headline', null, null);
insert into facility_message (id, facility_id, active, message_order, message_text, message_headline, createdAt, updatedAt) values (18, 4, true, 3, 'This is the message text for the third message from Central Texas (Waco). We hope you have a great day!', 'Central Texas (Waco) Message 3 Headline', null, null);
insert into facility_message (id, facility_id, active, message_order, message_text, message_headline, createdAt, updatedAt) values (22, 1, true, 4, 'This is the message text for the fourth message from Biloxi. We hope you have a great day!', 'Biloxi Message 4 Headline', null, null);
insert into facility_message (id, facility_id, active, message_order, message_text, message_headline, createdAt, updatedAt) values (23, 2, true, 4, 'This is the message text for the fourth message from Madison. We hope you have a great day!', 'Madison Message 4 Headline', null, null);
insert into facility_message (id, facility_id, active, message_order, message_text, message_headline, createdAt, updatedAt) values (24, 3, true, 4, 'This is the message text for the fourth message from Minneapolis. We hope you have a great day!', 'Minneapolis Message 4 Headline', null, null);
insert into facility_message (id, facility_id, active, message_order, message_text, message_headline, createdAt, updatedAt) values (25, 4, true, 4, 'This is the message text for the fourth message from Central Texas (Waco). We hope you have a great day!', 'Central Texas (Waco) Message 4 Headline', null, null);
insert into facility_message (id, facility_id, active, message_order, message_text, message_headline, createdAt, updatedAt) values (29, 1, false, 4, 'test', 'test', null, null);
--DROP TABLE panel_type;
CREATE TABLE panel_type ( id int NOT NULL AUTO_INCREMENT, title varchar(45) NOT NULL, directive varchar(45) NOT NULL, scope_variable varchar(45) NOT NULL, minSizeX int, minSizeY int, createdAt datetime, updatedAt datetime, PRIMARY KEY (id), INDEX panel_type_idx_name (title) ) ENGINE=InnoDB DEFAULT CHARSET=utf8;
insert into panel_type (id, title, directive, scope_variable, minSizeX, minSizeY, createdAt, updatedAt) values (1, 'Allergies', 'dt-allergies', 'patient', 2, 1, null, null);
insert into panel_type (id, title, directive, scope_variable, minSizeX, minSizeY, createdAt, updatedAt) values (2, 'Immunizations', 'dt-immunizations', 'patient', 2, 1, null, null);
insert into panel_type (id, title, directive, scope_variable, minSizeX, minSizeY, createdAt, updatedAt) values (3, 'Problems', 'dt-problems', 'patient', 2, 2, null, null);
insert into panel_type (id, title, directive, scope_variable, minSizeX, minSizeY, createdAt, updatedAt) values (4, 'Vitals', 'dt-vitals', 'patient', 2, 2, null, null);
insert into panel_type (id, title, directive, scope_variable, minSizeX, minSizeY, createdAt, updatedAt) values (5, 'Diet Orders', 'dt-diet-orders', 'patient', 2, 2, null, null);
insert into panel_type (id, title, directive, scope_variable, minSizeX, minSizeY, createdAt, updatedAt) values (6, 'Lab Orders', 'dt-lab-orders', 'patient', 2, 2, null, null);
insert into panel_type (id, title, directive, scope_variable, minSizeX, minSizeY, createdAt, updatedAt) values (7, 'Radiology Reports', 'dt-radiology-reports', 'patient', 2, 2, null, null);
insert into panel_type (id, title, directive, scope_variable, minSizeX, minSizeY, createdAt, updatedAt) values (8, 'Visits', 'dt-visits', 'patient', 2, 2, null, null);
--DROP TABLE panel;
CREATE TABLE panel ( id int NOT NULL AUTO_INCREMENT, name varchar(45) NOT NULL, panel_type_id int NOT NULL, location_id int, description varchar(100), sizeX int, sizeY varchar(45), createdAt datetime, updatedAt datetime, PRIMARY KEY (id), CONSTRAINT panel_panel_type_fkey FOREIGN KEY (panel_type_id) REFERENCES panel_type (id) ON DELETE NO ACTION ON UPDATE NO ACTION, INDEX panel_panel_type_fkey_idx (panel_type_id), INDEX panel_idx_name (name), INDEX panel_idx_location_id (location_id) ) ENGINE=InnoDB DEFAULT CHARSET=utf8;
insert into panel (id, name, panel_type_id, location_id, description, sizeX, sizeY, createdAt, updatedAt) values (1, 'Allergies Default', 1, null, null, 2, '1', null, null);
insert into panel (id, name, panel_type_id, location_id, description, sizeX, sizeY, createdAt, updatedAt) values (2, 'Immunizations Default', 2, null, null, 2, '1', null, null);
insert into panel (id, name, panel_type_id, location_id, description, sizeX, sizeY, createdAt, updatedAt) values (3, 'Problems Default', 3, null, null, 3, '3', null, null);
insert into panel (id, name, panel_type_id, location_id, description, sizeX, sizeY, createdAt, updatedAt) values (4, 'Vitals Default', 4, null, null, 3, '3', null, null);
insert into panel (id, name, panel_type_id, location_id, description, sizeX, sizeY, createdAt, updatedAt) values (5, 'Diet Orders Default', 5, null, null, 3, '3', null, null);
insert into panel (id, name, panel_type_id, location_id, description, sizeX, sizeY, createdAt, updatedAt) values (6, 'Lab Orders Default', 6, null, null, 3, '3', null, null);
insert into panel (id, name, panel_type_id, location_id, description, sizeX, sizeY, createdAt, updatedAt) values (7, 'Radiology Reports Default', 7, null, null, 3, '3', null, null);
insert into panel (id, name, panel_type_id, location_id, description, sizeX, sizeY, createdAt, updatedAt) values (8, 'Visits Default', 8, null, null, 3, '3', null, null);
--DROP TABLE panel_setting;
CREATE TABLE panel_setting ( id int NOT NULL AUTO_INCREMENT, panel_type_id int NOT NULL, setting_type int NOT NULL, setting_name varchar(45) NOT NULL, setting_value varchar(45) NOT NULL, createdAt datetime, updatedAt datetime, PRIMARY KEY (id), CONSTRAINT panel_setting_panel_type_fkey FOREIGN KEY (panel_type_id) REFERENCES panel_type (id) ON DELETE NO ACTION ON UPDATE NO ACTION, INDEX panel_setting_panel_type_fkey_idx (panel_type_id) ) ENGINE=InnoDB DEFAULT CHARSET=utf8;
--DROP TABLE panel_detail;
CREATE TABLE panel_detail ( id int NOT NULL AUTO_INCREMENT, panel_id int NOT NULL, panel_setting_id int NOT NULL, detail_value varchar(45), createdAt datetime, updatedAt datetime, PRIMARY KEY (id), CONSTRAINT panel_detail_panel_id_fkey FOREIGN KEY (panel_id) REFERENCES panel (id) ON DELETE NO ACTION ON UPDATE NO ACTION, CONSTRAINT panel_detail_panel_setting_id_fkey FOREIGN KEY (panel_setting_id) REFERENCES panel_setting (id) ON DELETE NO ACTION ON UPDATE NO ACTION, INDEX panel_detail_panel_id_fkey_idx (panel_id), INDEX panel_detail_panel_setting_id_fkey_idx (panel_setting_id) ) ENGINE=InnoDB DEFAULT CHARSET=utf8;
--DROP TABLE template;
CREATE TABLE template ( id int NOT NULL AUTO_INCREMENT, template_name varchar(45) NOT NULL, template_description varchar(100), location_id int, active tinyint(1), template_owner int, createdAt datetime, updatedAt datetime, PRIMARY KEY (id), INDEX template_idx_template_name (template_name), INDEX template_idx_location_id (location_id) ) ENGINE=InnoDB DEFAULT CHARSET=utf8;
insert into template (id, template_name, template_description, location_id, active, template_owner, createdAt, updatedAt) values (1, 'Default', 'Default Template', null, true, null, '2016-01-11 07:56:37', null);
--DROP TABLE template_layout;
CREATE TABLE template_layout ( id int NOT NULL AUTO_INCREMENT, template_id int NOT NULL, panel_id int NOT NULL, panel_order int NOT NULL, optional tinyint(1), createdAt datetime, updatedAt datetime, PRIMARY KEY (id), CONSTRAINT template_layout_panel_id_fkey FOREIGN KEY (panel_id) REFERENCES panel (id) ON DELETE NO ACTION ON UPDATE NO ACTION, CONSTRAINT template_layout_template_id_fkey FOREIGN KEY (template_id) REFERENCES template (id) ON DELETE NO ACTION ON UPDATE NO ACTION, INDEX template_layout_template_id_fkey_idx (template_id), INDEX template_layout_panel_id_fkey_idx (panel_id) ) ENGINE=InnoDB DEFAULT CHARSET=utf8;
insert into template_layout (id, template_id, panel_id, panel_order, optional, createdAt, updatedAt) values (1, 1, 1, 1, null, null, null);
insert into template_layout (id, template_id, panel_id, panel_order, optional, createdAt, updatedAt) values (2, 1, 2, 2, null, null, null);
insert into template_layout (id, template_id, panel_id, panel_order, optional, createdAt, updatedAt) values (3, 1, 3, 3, null, null, null);
insert into template_layout (id, template_id, panel_id, panel_order, optional, createdAt, updatedAt) values (4, 1, 4, 4, null, null, null);
insert into template_layout (id, template_id, panel_id, panel_order, optional, createdAt, updatedAt) values (5, 1, 5, 5, null, null, null);
insert into template_layout (id, template_id, panel_id, panel_order, optional, createdAt, updatedAt) values (6, 1, 6, 6, null, null, null);
insert into template_layout (id, template_id, panel_id, panel_order, optional, createdAt, updatedAt) values (7, 1, 7, 7, null, null, null);
insert into template_layout (id, template_id, panel_id, panel_order, optional, createdAt, updatedAt) values (8, 1, 8, 8, null, null, null);
